City_ID,City,Lat,Lng,Max Temp,Humidity,Cloudiness,Wind Speed,Country,Date
0,edinburgh of the seven seas,-37.0676,-12.3116,287.02,76,85,2.78,SH,1730754836
1,ushuaia,-54.8,-68.3,282.06,66,51,1.56,AR,1730754726
2,mikhaylov,54.2292,39.0186,269.39,94,38,5.97,RU,1730754838
3,adamstown,-25.066,-130.1015,294.45,80,95,8.28,PN,1730754839
4,isafjordur,66.0755,-23.124,275.52,83,100,2.12,IS,1730754841
5,bethel,41.3712,-73.414,285.34,66,40,2.57,US,1730754842
6,hawaiian paradise park,19.5933,-154.9731,297.54,99,100,5.14,US,1730754843
7,tha kham,9.1107,99.2321,299.37,100,100,0.89,TH,1730754844
8,albany,42.6001,-73.9662,284.42,59,100,1.34,US,1730754456
9,kidal,18.4411,1.4078,299.86,18,0,4.33,ML,1730754643
10,guangyuan,32.442,105.823,286.29,93,100,0.26,CN,1730754848
11,capitao poco,-1.7464,-47.0594,303.45,48,50,5.84,BR,1730754849
12,lautoka,-17.6167,177.4667,301.07,61,40,4.63,FJ,1730754850
13,plastun,44.7561,136.2939,268.44,81,7,2.29,RU,1730754851
14,yuzhno-kurilsk,44.0306,145.8556,279.55,71,100,10.02,RU,1730754852
15,port-aux-francais,-49.35,70.2167,279.01,90,99,15.98,TF,1730754853
16,karratha,-20.7377,116.8463,302.82,28,2,3.7,AU,1730754855
17,blackmans bay,-43.0167,147.3167,284.22,73,0,0.45,AU,1730754856
18,aasiaat,68.7098,-52.8699,266.63,96,100,1.23,GL,1730754857
19,namibe,-15.1961,12.1522,293.4,77,55,2.8,AO,1730754858
20,mundri,-6.9558,111.71,298.09,86,96,1.48,ID,1730754859
21,huarmey,-10.0681,-78.1522,293.99,77,32,5.13,PE,1730754860
22,klyuchi,52.2667,79.1667,275.44,63,100,4.76,RU,1730754862
23,ishigaki,24.3448,124.1572,298.22,83,75,5.66,JP,1730754863
24,cidreira,-30.1811,-50.2056,295.21,87,61,10.92,BR,1730754864
25,chonchi,-42.6128,-73.8092,284.33,76,100,4.15,CL,1730754865
26,keflavik,64.0049,-22.5624,282.39,93,100,5.66,IS,1730754867
27,remire-montjoly,4.9167,-52.2667,302.17,74,0,4.63,GF,1730754868
28,tazovsky,67.4667,78.7,269.02,95,100,8.5,RU,1730754869
29,freetown,8.484,-13.2299,299.99,83,40,5.14,SL,1730754871
30,kolokani,13.5728,-8.0339,299.83,24,100,3.35,ML,1730754872
31,grytviken,-54.2811,-36.5092,277.96,68,100,7.91,GS,1730754874
32,christchurch,-43.5333,172.6333,293.26,60,75,3.09,NZ,1730754876
33,vilyuysk,63.7553,121.6247,250.76,100,89,0.99,RU,1730754877
34,jamestown,42.097,-79.2353,289.95,51,0,5.14,US,1730754714
35,karachi,24.9056,67.0822,298.05,83,0,2.06,PK,1730754689
36,laguna,38.421,-121.4238,294.29,39,0,2.57,US,1730754882
37,punta arenas,-53.15,-70.9167,284.21,50,40,9.77,CL,1730754883
38,longyearbyen,78.2186,15.6401,270.06,68,100,5.14,SJ,1730754884
39,kharp,66.8014,65.8081,267.62,91,68,4.78,RU,1730754885
40,kendari,-3.945,122.4989,296.27,96,97,1.23,ID,1730754886
41,bilibino,68.0546,166.4372,246.94,99,96,0.71,RU,1730754888
42,mandvi,22.8333,69.3667,300.44,55,0,3.01,IN,1730754889
43,qamdo,31.1667,97.2333,272.97,77,99,2.21,CN,1730754890
44,st. john's,47.5649,-52.7093,275.36,67,98,2.24,CA,1730754688
45,stenungsund,58.0705,11.8181,283.25,93,100,3.55,SE,1730754892
46,escanaba,45.7453,-87.0646,288.7,100,100,5.14,US,1730754838
47,brainerd,46.358,-94.2008,284.16,77,100,4.12,US,1730754848
48,constantia,44.1833,28.65,278.54,63,2,8.54,RO,1730754896
49,tazacorte,28.629,-17.9293,294.69,88,20,2.06,ES,1730754897
50,ribeira grande,38.5167,-28.7,293.37,73,20,8.23,PT,1730754898
51,olonkinbyen,70.9221,-8.7187,272.83,92,100,12.18,SJ,1730754899
52,puerto natales,-51.7236,-72.4875,282.4,57,75,9.77,CL,1730754901
53,hami,42.8,93.45,282.15,31,0,1.56,CN,1730754902
54,port alfred,-33.5906,26.891,284.92,97,100,5.7,ZA,1730754903
55,mhamid,29.82,-5.72,295.45,27,93,0.37,MA,1730754904
56,luwuk,-0.9516,122.7875,295.45,84,99,2.08,ID,1730754906
57,ust-nera,64.5667,143.2,247.43,100,96,1.13,RU,1730754908
58,lihue,21.9789,-159.3672,300.92,75,40,6.69,US,1730754909
59,sur,22.5667,59.5289,300.58,56,0,2.14,OM,1730754911
60,zeerust,-25.5369,26.0751,298.59,17,80,6.3,ZA,1730754696
61,mananara,-16.1667,49.7667,296.59,93,95,1.59,MG,1730754913
62,hadibu,12.65,54.0333,299.18,79,15,2.99,YE,1730754914
63,orkney,-26.9802,26.6727,295.67,24,89,4.56,ZA,1730754915
64,yellowknife,62.456,-114.3525,271.71,100,75,2.57,CA,1730754917
65,waitangi,-43.9535,-176.5597,285.83,73,89,1.34,NZ,1730754918
66,ilulissat,69.2167,-51.1,270.16,80,75,6.69,GL,1730754919
67,margaret river,-33.95,115.0667,288.11,73,100,7.26,AU,1730754920
68,wailua homesteads,22.0669,-159.378,300.59,81,40,6.69,US,1730754921
69,bogale,16.2833,95.4,296.61,81,75,2.56,MM,1730754923
70,avarua,-21.2078,-159.775,298.18,83,75,2.06,CK,1730754924
71,saipan,15.1355,145.701,301.54,81,40,6.69,MP,1730754925
72,anadyr,64.75,177.4833,264.43,78,20,7.0,RU,1730754926
73,priozersk,61.0393,30.1291,273.2,86,93,3.94,RU,1730754928
74,hasaki,35.7333,140.8333,292.54,74,82,3.83,JP,1730754929
75,santa rosalia,27.3167,-112.2833,296.31,31,0,9.05,MX,1730754930
76,vernon,50.2581,-119.2691,278.95,85,100,1.79,CA,1730754731
77,gaiman,-43.2897,-65.4929,295.26,14,65,16.21,AR,1730754932
78,college,64.8569,-147.8028,265.97,79,75,1.54,US,1730754933
79,simplicio mendes,-7.8539,-41.9103,306.05,26,27,2.46,BR,1730754934
80,ringas,27.35,75.5667,295.36,29,0,2.62,IN,1730754936
81,usogorsk,63.4106,48.6872,269.55,91,98,2.78,RU,1730754939
82,papatowai,-46.5619,169.4708,286.98,70,34,4.67,NZ,1730754941
83,saint-francois,46.4154,3.9054,282.27,100,40,1.03,FR,1730754942
84,bredasdorp,-34.5322,20.0403,284.16,72,51,2.17,ZA,1730754750
85,petropavlovsk-kamchatsky,53.0452,158.6483,263.48,73,0,4.0,RU,1730754756
86,bridlington,54.0831,-0.1919,283.79,4,100,3.13,GB,1730754945
87,balsas,-7.5325,-46.0356,306.55,35,100,2.29,BR,1730754790
88,invercargill,-46.4,168.35,287.05,78,50,4.02,NZ,1730754948
89,bac lieu,9.285,105.7244,298.99,88,100,3.54,VN,1730754822
90,udachny,66.4167,112.4,253.18,98,100,3.76,RU,1730754950
91,weno,7.4515,151.8468,301.98,76,73,5.04,FM,1730754951
92,fale old settlement,-9.3852,-171.2468,299.38,87,100,8.59,TK,1730754952
93,peniche,39.3558,-9.3811,292.15,95,91,8.12,PT,1730754953
94,maintirano,-18.0667,44.0167,299.68,79,91,2.82,MG,1730754955
95,villa ocampo,-28.4875,-59.3551,304.3,50,90,4.78,AR,1730754956
96,coruripe,-10.1256,-36.1756,297.14,71,21,3.95,BR,1730754957
97,luderitz,-26.6481,15.1594,286.63,49,5,13.63,NA,1730754958
98,hamilton,39.1834,-84.5333,297.62,60,100,5.66,US,1730754540
99,tapes,-30.6733,-51.3958,296.69,85,0,5.38,BR,1730754961
100,hithadhoo,-0.6,73.0833,301.12,68,26,4.27,MV,1730754962
101,malabar,-33.9667,151.25,293.02,76,75,3.6,AU,1730754963
102,kingston,17.997,-76.7936,301.68,79,75,8.75,JM,1730754949
103,iskateley,67.6803,53.1512,271.06,96,100,4.17,RU,1730754965
104,tiksi,71.6872,128.8694,248.37,99,76,2.41,RU,1730754967
105,kodiak,57.79,-152.4072,275.88,65,0,0.0,US,1730754968
106,nahiyat ash shinafiyah,31.5874,44.6602,295.31,50,0,3.58,IQ,1730754969
107,beyneu,45.3167,55.2,277.35,52,3,4.79,KZ,1730754973
108,benjamin constant,-4.3831,-70.0311,304.18,62,20,0.0,BR,1730754975
109,la'ie,21.6477,-157.9253,302.81,78,44,6.39,US,1730754978
110,ust-tsilma,65.441,52.1498,267.05,96,81,2.13,RU,1730754980
111,bozdar wada,27.1828,68.636,300.52,38,0,4.19,PK,1730754983
112,onega,63.9061,38.1404,274.26,75,93,8.61,RU,1730754986
113,wenatchee,47.4235,-120.3103,284.31,72,20,3.09,US,1730754989
114,midvagur,62.0511,-7.1939,283.61,100,100,5.14,FO,1730754991
115,talnakh,69.4865,88.3972,266.01,95,76,4.85,RU,1730754993
116,bamboo flat,11.7,92.7167,298.2,94,40,4.63,IN,1730754996
117,ponta delgada,37.7333,-25.6667,294.55,88,75,4.12,PT,1730754997
118,westport,41.1415,-73.3579,286.66,67,40,3.6,US,1730754762
119,ha tinh,18.3333,105.9,294.81,98,100,3.91,VN,1730754999
120,sovet,38.0467,69.5882,291.16,38,96,3.98,TJ,1730755000
121,jalai nur,49.45,117.7,266.47,69,14,1.85,CN,1730755002
122,bikenibeu village,1.3673,173.1241,303.13,70,40,3.09,KI,1730755003
123,ixtapa,20.7,-105.2,301.61,74,40,5.14,MX,1730755004
124,boonville,38.9736,-92.7432,292.25,97,100,2.57,US,1730755006
125,chibougamau,49.9168,-74.3659,272.94,100,100,5.14,CA,1730754754
126,port blair,11.6667,92.75,298.17,94,40,4.63,IN,1730755008
127,puerto ayora,-0.7393,-90.3518,294.78,66,98,5.81,EC,1730755009
128,port mathurin,-19.6833,63.4167,296.8,78,93,5.37,MU,1730755010
129,iqaluit,63.7506,-68.5145,268.0,74,100,2.06,CA,1730755012
130,newman,37.3138,-121.0208,293.73,32,0,3.58,US,1730755013
131,port elizabeth,-33.918,25.5701,285.55,99,75,3.6,ZA,1730754848
132,trinidad,-14.8333,-64.9,308.14,49,40,6.17,BO,1730754932
133,plettenberg bay,-34.0527,23.3716,285.37,82,99,4.15,ZA,1730755018
134,ancud,-41.8697,-73.8203,283.87,92,100,9.62,CL,1730754978
135,kone,-21.0595,164.8658,299.24,58,25,1.42,NC,1730755020
136,zakynthos,37.7914,20.8953,292.09,69,2,2.28,GR,1730755022
137,shingu,33.7333,135.9833,289.99,81,97,2.13,JP,1730755024
138,kargat,55.1956,80.2811,272.14,68,49,5.78,RU,1730755025
139,polyarnyy,69.1989,33.4478,272.11,82,61,9.23,RU,1730755026
140,fort bragg,35.139,-79.006,296.43,61,0,3.6,US,1730754770
141,mount pearl,47.5166,-52.7813,274.9,65,100,6.69,CA,1730755029
142,villa gesell,-37.2639,-56.973,289.29,80,99,6.11,AR,1730755030
143,mizdah,31.4451,12.9801,291.19,47,28,2.7,LY,1730754832
144,obo,5.3998,26.4869,294.19,95,100,1.38,CF,1730755032
145,san agustin de valle fertil,-30.6335,-67.4682,301.72,27,0,6.52,AR,1730755033
146,inari,68.906,27.0288,271.37,85,100,1.82,FI,1730755035
147,hermanus,-34.4187,19.2345,285.49,72,18,4.83,ZA,1730755036
148,haiku-pauwela,20.9219,-156.3051,300.16,83,40,10.8,US,1730755037
149,al jawf,29.5,38.75,290.37,47,2,2.75,SA,1730755038
150,kununurra,-15.7667,128.7333,299.14,73,0,2.06,AU,1730754985
151,yarmouth,41.7057,-70.2286,284.34,73,75,2.06,US,1730755040
152,blama,7.8736,-11.3433,297.89,87,100,1.3,SL,1730755042
153,oodweyne,9.4092,45.064,295.67,60,34,3.53,SO,1730755043
154,colonia menno,-22.3667,-59.8167,307.21,41,91,3.34,PY,1730755044
155,miramichi,47.0043,-65.4654,275.7,56,100,1.85,CA,1730755045
156,humberto de campos,-2.5983,-43.4611,299.24,73,86,3.46,BR,1730755046
157,ohangaron,40.9064,69.6383,289.29,57,100,2.07,UZ,1730755048
158,guararapes,-21.2608,-50.6428,298.4,79,89,4.63,BR,1730755049
159,gorontalo,0.5412,123.0595,296.65,94,100,0.7,ID,1730755050
160,tolanaro,-25.0319,46.9987,297.19,88,20,9.26,MG,1730755051
161,san jose del cabo,23.0589,-109.6977,300.95,58,40,6.17,MX,1730755052
162,north ward,-19.2454,146.8075,299.1,69,40,1.03,AU,1730755053
163,mazatlan,23.2167,-106.4167,302.13,66,40,5.14,MX,1730754818
164,crane,31.3974,-102.3501,292.22,24,89,11.65,US,1730755056
165,caleta de carquin,-11.0925,-77.6267,293.26,80,51,4.79,PE,1730754810
166,verkhnedneprovskiy,54.9813,33.3457,272.29,87,100,4.78,RU,1730755058
167,new norfolk,-42.7826,147.0587,284.66,66,7,1.38,AU,1730755059
168,kosh-agach,50.0,88.6667,267.33,83,61,1.77,RU,1730755060
169,kouvola,60.8667,26.7,271.61,99,40,2.06,FI,1730755062
170,kolonia town,6.964,158.206,302.21,78,40,1.54,FM,1730755063
171,kopong,-24.4833,25.8833,304.28,18,0,2.06,BW,1730755064
172,akjoujt,19.6969,-14.4164,303.53,15,4,3.59,MR,1730755067
173,federacion,-31.0062,-57.8996,295.24,89,95,9.6,AR,1730755068
174,enewetak,11.3474,162.3373,301.38,76,98,5.29,MH,1730755069
175,nehe,48.4833,124.8333,268.15,66,84,4.68,CN,1730755070
176,stanley,54.868,-1.6985,282.33,88,75,0.0,GB,1730754825
177,strezhevoy,60.7333,77.5889,270.72,86,97,7.54,RU,1730755072
178,ust'-kulom,61.6864,53.6902,267.98,86,41,2.67,RU,1730755074
179,buta,2.7858,24.73,294.44,99,100,0.74,CD,1730755075
180,mopti,14.6667,-4.0,302.96,15,99,4.15,ML,1730755076
181,mpika,-11.8343,31.4529,293.84,57,6,2.42,ZM,1730755077
182,saudarkrokur,65.7461,-19.6394,277.94,86,86,1.1,IS,1730755078
183,sitka,57.0531,-135.33,279.09,75,100,5.66,US,1730754979
184,qashyr,53.0675,76.1036,272.22,70,27,4.62,KZ,1730755080
185,gubakha,58.8386,57.5532,268.24,97,100,1.3,RU,1730755082
186,zouerate,22.7187,-12.4521,302.89,13,100,0.3,MR,1730755083
187,santanyi,39.3546,3.1291,292.82,92,4,3.41,ES,1730755084
188,sisimiut,66.9395,-53.6735,267.26,85,99,3.36,GL,1730755085
189,zyryanskoye,56.8306,86.6258,274.73,96,100,6.78,RU,1730755086
190,minot,48.2325,-101.2963,280.27,53,0,4.12,US,1730754934
191,norrtalje,59.758,18.705,280.38,81,92,4.17,SE,1730754800
192,callaway,30.153,-85.5699,302.15,58,20,6.69,US,1730754956
193,pangody,65.85,74.4859,265.69,95,100,5.63,RU,1730755091
194,margate,51.3813,1.3862,283.54,86,100,0.45,GB,1730755092
195,iquique,-20.2208,-70.1431,292.12,77,32,4.02,CL,1730754974
196,twon-brass,4.3151,6.2418,300.12,82,25,4.59,NG,1730755095
197,georgetown,5.4112,100.3354,299.11,83,20,1.54,MY,1730755097
198,dwarka,22.2394,68.9678,300.72,65,0,3.41,IN,1730755098
199,west island,-12.1568,96.8225,299.14,89,75,5.66,CC,1730754865
200,pisco,-13.7,-76.2167,296.18,64,0,8.75,PE,1730755100
201,east london,-33.0153,27.9116,285.68,86,100,6.89,ZA,1730754917
202,dolores,-36.3132,-57.6792,293.88,69,68,3.16,AR,1730755103
203,kapa'a,22.0752,-159.319,301.33,79,40,6.69,US,1730755104
204,coalinga,36.1397,-120.3602,291.51,21,0,3.7,US,1730755105
205,khandyga,62.6667,135.6,248.17,100,79,0.17,RU,1730755106
206,morshansk,53.4435,41.8107,271.28,83,100,5.62,RU,1730755107
207,edd,13.9297,41.6925,301.63,72,4,3.99,ER,1730754973
208,vilyuchinsk,52.9306,158.4028,264.3,79,72,2.97,RU,1730754907
209,kasongo,-4.45,26.6667,293.49,97,86,1.09,CD,1730755111
210,sungailiat,-1.85,106.1333,298.42,86,98,2.72,ID,1730755112
211,kavaratti,10.5669,72.642,300.56,77,72,2.49,IN,1730755113
212,nar'yan-mar,67.6713,53.087,271.02,96,100,4.15,RU,1730755114
213,adiake,5.2863,-3.304,298.7,86,79,1.87,CI,1730755115
214,nelson bay,-32.7167,152.15,294.31,84,100,4.47,AU,1730755116
215,klaksvik,62.2266,-6.589,283.17,98,100,5.98,FO,1730755118
216,shahrak,34.1074,64.3052,284.2,45,1,2.3,AF,1730755119
217,nemuro,43.3236,145.575,280.52,71,11,11.12,JP,1730755120
218,whitehorse,60.7161,-135.0538,270.98,85,40,0.0,CA,1730755121
219,rabo de peixe,37.8,-25.5833,293.88,99,75,4.12,PT,1730755122
220,ikongo,-21.8833,47.4333,294.68,97,100,0.66,MG,1730755123
221,madimba,-10.4,40.3333,297.98,84,1,3.2,TZ,1730755124
222,maxixe,-23.8597,35.3472,296.03,85,0,3.79,MZ,1730755126
223,luganville,-15.5333,167.1667,298.27,72,100,3.82,VU,1730755127
224,al wajh,26.2455,36.4525,296.12,49,0,2.06,SA,1730755128
225,daru,-9.0763,143.2092,299.55,88,100,6.73,PG,1730755129
226,chetumal,18.5,-88.3,304.18,70,40,5.14,MX,1730755130
227,kampene,-3.6,26.6667,293.28,98,99,0.83,CD,1730755131
228,batang,-6.4846,110.7083,299.65,80,96,1.36,ID,1730755132
229,arraial do cabo,-22.9661,-42.0278,297.13,94,75,7.72,BR,1730755134
230,barabai,-2.5833,115.3833,295.64,96,58,0.53,ID,1730755135
231,panama city beach,30.1766,-85.8055,302.16,61,40,5.66,US,1730755127
232,cooma,-36.2333,149.1333,285.77,75,85,3.26,AU,1730755137
233,selfoss,63.9331,-20.9971,281.51,90,100,3.31,IS,1730755138
234,uturoa,-16.7333,-151.4333,299.58,81,93,5.42,PF,1730755139
235,moyale,3.5167,39.0584,293.96,75,71,2.36,KE,1730755141
236,thompson,55.7435,-97.8558,274.24,80,100,2.57,CA,1730755142
237,alice springs,-23.7,133.8833,296.9,57,8,2.57,AU,1730755143
238,labuan,5.2767,115.2417,297.35,100,20,0.0,MY,1730755144
239,howard springs,-12.497,131.047,299.1,91,98,1.49,AU,1730755145
240,preobrazheniye,42.9019,133.9064,273.92,57,0,2.28,RU,1730755147
241,patterson,37.4716,-121.1297,293.71,32,0,4.84,US,1730755048
242,sinabang,2.4803,96.3801,298.86,85,100,1.2,ID,1730755149
243,bel ombre,-4.6167,55.4167,299.06,83,20,1.03,SC,1730755150
244,codrington,-38.2667,141.9667,283.13,81,1,2.24,AU,1730755151
245,fort st. john,56.2499,-120.8529,273.09,86,100,2.06,CA,1730755152
246,yoichi,43.2039,140.7703,278.73,62,43,8.49,JP,1730755154
247,tocache,-8.1842,-76.5125,304.71,50,97,0.73,PE,1730755155
248,berezovyy,51.6667,135.7,265.57,86,100,1.11,RU,1730755156
249,lebu,-37.6167,-73.65,286.78,68,85,2.76,CL,1730755157
250,kayar,14.9192,-17.1211,298.68,79,0,5.19,SN,1730755158
251,nyborg,55.3127,10.7896,283.11,74,100,2.36,DK,1730755175
252,kyaikkami,16.08,97.5675,299.29,77,66,3.7,MM,1730755177
253,ji'an,27.1172,114.9793,291.51,64,100,4.52,CN,1730755181
254,ugoofaaru,5.6667,73.0,300.64,74,99,3.58,MV,1730755182
255,muntok,-2.0667,105.1833,298.53,83,100,2.65,ID,1730755183
256,mahenge,-8.6833,36.7167,293.85,64,1,2.27,TZ,1730755184
257,afaahiti,-17.75,-149.2833,297.99,85,100,5.22,PF,1730755185
258,rudnichnyy,59.617,52.4703,267.19,88,76,2.02,RU,1730755187
259,bossangoa,6.4926,17.4552,295.72,87,100,1.56,CF,1730755188
260,altai,46.3722,96.2583,269.7,63,69,1.17,MN,1730755189
261,fortuna,40.5982,-124.1573,289.78,71,100,1.54,US,1730755190
262,floro,61.5996,5.0328,282.13,100,75,2.57,NO,1730755191
263,itapetininga,-23.5917,-48.0531,293.48,97,100,3.1,BR,1730755192
264,utrik,11.2278,169.8474,300.85,74,100,2.07,MH,1730755194
265,alesund,62.4723,6.1549,285.24,93,75,5.14,NO,1730755195
266,lompoc,34.6391,-120.4579,297.09,44,0,7.2,US,1730755065
267,mahina,-17.5065,-149.489,302.02,65,40,5.14,PF,1730755197
268,amursk,50.2261,136.8994,269.06,62,100,5.17,RU,1730755198
269,awjilah,29.1081,21.2869,291.7,47,0,2.29,LY,1730755201
270,harper,4.375,-7.7169,298.47,88,11,2.41,LR,1730755202
271,belmonte,-15.8631,-38.8828,296.61,89,15,3.09,BR,1730755127
272,suva,-18.1416,178.4415,300.86,69,75,4.12,FJ,1730754908
273,coxim,-18.5067,-54.76,303.25,59,74,1.73,BR,1730755205
274,opuwo,-18.0607,13.84,296.02,25,82,1.43,NA,1730755207
275,usinsk,65.9939,57.5281,269.12,95,100,8.2,RU,1730755208
276,manga,11.6636,-1.0731,299.17,23,11,3.65,BF,1730755209
277,de aar,-30.6497,24.0123,280.57,56,86,11.98,ZA,1730755210
278,zrenjanin,45.3836,20.3819,280.02,44,62,2.25,RS,1730755211
279,holualoa,19.6228,-155.9522,301.23,71,20,3.6,US,1730755212
280,ta`u,-14.2336,-169.5144,300.78,81,100,4.7,AS,1730755214
281,saint-pierre,-21.3393,55.4781,294.97,78,0,1.54,RE,1730755215
282,gadzhiyevo,69.2551,33.3362,271.74,83,61,9.14,RU,1730755217
283,inongo,-1.95,18.2667,295.35,96,98,2.56,CD,1730755218
284,zanzibar,-6.1639,39.1979,297.77,88,2,2.23,TZ,1730755219
285,nizhniy odes,63.6445,54.856,268.6,88,100,3.52,RU,1730755221
286,dothan,31.2232,-85.3905,300.28,61,75,3.09,US,1730755139
287,kyshtovka,56.555,76.6271,271.93,67,11,7.9,RU,1730755223
288,marktheidenfeld,49.8442,9.6039,279.05,75,0,1.68,DE,1730755224
289,ko pha ngan,9.7578,100.0291,295.9,85,100,3.65,TH,1730755225
290,nizhneudinsk,54.9076,99.0276,273.31,69,75,1.99,RU,1730755226
291,san patricio,28.017,-97.5169,304.12,64,88,11.21,US,1730755228
292,zelenogorskiy,55.0333,87.0,281.25,77,100,4.64,RU,1730755229
293,phaphund,26.6,79.4667,295.72,35,0,1.73,IN,1730755230
294,rustington,50.8103,-0.5067,284.22,94,97,3.89,GB,1730755231
295,qaqortoq,60.7167,-46.0333,263.87,82,20,3.18,GL,1730755232
296,la passe,45.5549,-0.8967,288.89,88,99,3.36,FR,1730755233
297,dailekh,28.8333,81.6667,288.34,84,6,2.51,NP,1730755235
298,howrah,22.5892,88.3103,298.15,88,20,2.06,IN,1730755236
299,ursulo galvan,22.7333,-98.3,305.48,69,43,4.98,MX,1730755237
300,northam,51.0333,-4.2167,285.16,93,100,5.43,GB,1730755238
301,dudinka,69.4058,86.1778,267.18,89,42,8.47,RU,1730755240
302,alotau,-10.3069,150.4462,299.56,84,74,1.23,PG,1730755241
303,izsak,46.8045,19.3517,278.93,46,26,3.27,HU,1730755242
304,los andes,-32.8337,-70.5983,296.13,20,0,3.65,CL,1730755243
305,san cristobal,7.7669,-72.225,300.89,81,100,1.26,VE,1730755244
306,aykhal,66.0,111.5,256.19,96,100,5.65,RU,1730755245
307,salinopolis,-0.6136,-47.3561,300.18,75,67,5.45,BR,1730755247
308,namsos,64.4662,11.4957,281.1,93,75,6.69,NO,1730755248
309,marco island,25.9363,-81.7157,302.15,78,88,5.83,US,1730755135
310,mount gambier,-37.8333,140.7667,282.44,84,5,1.39,AU,1730755250
311,kalmunai,7.4167,81.8167,298.51,83,99,1.08,LK,1730755251
312,divnogorsk,55.9594,92.3619,282.42,78,97,3.22,RU,1730755252
313,elimaki,60.7167,26.4667,271.91,99,100,1.63,FI,1730755253
314,portsmouth,50.799,-1.0913,284.81,71,55,1.34,GB,1730755255
315,hirara,24.8,125.2833,299.07,83,40,5.14,JP,1730755256
316,badger,64.8,-147.5333,265.92,82,75,0.0,US,1730755257
317,ulysses,37.5814,-101.3552,279.17,100,100,7.72,US,1730755258
318,iznalloz,37.3926,-3.5276,287.91,74,84,1.2,ES,1730755259
319,mawu,34.4307,104.9176,275.93,87,0,2.21,CN,1730755260
320,konosha,60.9736,40.257,269.88,89,100,3.47,RU,1730755262
321,praia da vitoria,38.7333,-27.0667,294.29,83,75,9.95,PT,1730755263
322,taroa,8.7058,171.2275,301.05,73,100,2.12,MH,1730755264
323,saldanha,-33.0117,17.9442,283.18,61,0,10.48,ZA,1730755265
324,tullahoma,35.362,-86.2094,297.01,58,0,5.14,US,1730755266
325,happy valley-goose bay,53.3168,-60.3315,273.32,51,75,1.54,CA,1730755268
326,berdigestyakh,62.0989,126.6992,245.06,100,95,0.1,RU,1730755269
327,akhtyrskiy,44.8546,38.3031,278.75,66,54,5.94,RU,1730755271
328,cabo san lucas,22.8909,-109.9124,300.24,44,0,7.2,MX,1730754981
329,yangiyer,40.275,68.8225,289.15,58,100,3.1,UZ,1730755273
330,derzhavinsk,51.1,66.3167,270.82,76,9,3.05,KZ,1730755274
331,guerrero negro,27.9769,-114.0611,296.16,32,0,8.74,MX,1730755275
332,jabat,7.75,168.9751,301.11,71,63,1.7,MH,1730755277
333,cegled,47.1727,19.7995,278.58,58,94,2.92,HU,1730755278
334,santa ana,33.7456,-117.8678,299.97,20,0,5.14,US,1730755279
335,tadine,-21.55,167.8833,297.21,61,57,5.51,NC,1730755280
336,leh,34.1667,77.5833,272.86,34,0,2.63,IN,1730755281
337,deir ez-zor,35.3359,40.1408,291.47,67,0,3.32,SY,1730755019
338,lata,40.1629,-8.3327,288.67,86,88,2.63,PT,1730755284
339,belyy yar,53.6039,91.3903,269.09,100,100,0.0,RU,1730755285
340,yerofey pavlovich,53.9667,121.9667,258.99,88,2,1.81,RU,1730755286
341,emerald,-23.5333,148.1667,295.56,73,9,4.54,AU,1730755287
342,motygino,58.1831,94.7592,271.35,92,97,0.9,RU,1730755290
343,alofi,-19.0595,-169.9187,296.09,88,75,5.14,NU,1730755292
344,recife,-8.0539,-34.8811,300.17,69,40,5.14,BR,1730755295
345,vadso,70.0744,29.7487,272.24,86,75,5.14,NO,1730755297
346,hiratacho,35.4333,132.8167,290.13,88,100,5.66,JP,1730755300
347,porto novo,6.4965,2.6036,299.77,78,0,2.28,BJ,1730755302
348,kiffa,16.6166,-11.4045,306.6,18,0,3.87,MR,1730755305
349,bandarbeyla,9.4942,50.8122,298.92,83,20,3.64,SO,1730755308
350,hit,33.6416,42.8251,292.79,63,3,0.75,IQ,1730755310
351,queenstown,-31.8976,26.8753,278.91,86,100,3.18,ZA,1730755313
352,mount pleasant,32.7941,-79.8626,295.93,89,100,7.72,US,1730755315
353,saint joseph,39.7686,-94.8466,290.93,95,100,1.54,US,1730755078
354,tucupita,9.0622,-62.051,304.52,59,98,3.23,VE,1730755321
355,ola,59.5833,151.2833,260.55,72,87,5.93,RU,1730755324
356,sanctuary point,-35.1114,150.629,289.44,80,100,0.8,AU,1730755326
357,nuku'alofa,-21.1333,-175.2,297.34,83,20,6.17,TO,1730755329
358,kayangel,8.0823,134.7173,301.71,73,86,4.13,PW,1730755332
359,olinda,-8.0089,-34.8553,300.0,69,40,5.14,BR,1730755334
360,ode,7.7899,5.7117,296.72,59,8,0.4,NG,1730755337
361,darnah,32.767,22.6367,292.71,69,26,6.75,LY,1730755339
362,narimanov,46.6927,47.8498,280.96,57,100,11.55,RU,1730755342
363,rosa zarate,0.3333,-79.4667,302.48,54,100,1.01,EC,1730755345
364,yei,4.095,30.6779,292.67,95,100,0.23,SS,1730755347
365,andergrove,-21.0833,149.1833,296.9,69,75,1.26,AU,1730755350
366,jiayuguan,39.8167,98.3,277.69,33,5,2.28,CN,1730755353
367,yulinshi,38.2906,109.7494,277.37,45,2,1.21,CN,1730755356
368,culiacan,24.7994,-107.3897,303.97,48,40,4.12,MX,1730755094
369,dzhalagash,45.0833,64.6667,275.66,55,54,2.77,KZ,1730755361
370,acajutla,13.5928,-89.8275,301.83,73,48,3.13,SV,1730755363
371,sotouboua,8.5667,0.9833,297.11,49,5,0.29,TG,1730755366
372,katabu,-4.9333,122.5167,296.23,93,100,1.47,ID,1730755369
373,itamaraca,-7.7478,-34.8256,298.66,65,1,4.21,BR,1730755373
374,lazaro cardenas,17.9583,-102.2,302.47,67,7,3.65,MX,1730755374
375,zeya,53.75,127.2667,261.25,83,30,1.81,RU,1730755377
376,bandrele,-12.9067,45.1914,300.01,83,0,2.57,YT,1730755379
377,revda,56.801,59.9303,268.29,87,95,4.33,RU,1730755380
378,saint-mandrier-sur-mer,43.078,5.929,289.69,79,0,1.79,FR,1730755381
379,trondheim,63.4305,10.3951,281.48,93,100,0.45,NO,1730755323
380,callao,-12.0667,-77.15,293.31,77,40,5.14,PE,1730755278
381,palmer,42.1584,-72.3287,284.55,52,75,2.57,US,1730755385
382,portland,45.5234,-122.6762,284.85,93,100,3.58,US,1730755300
383,undurkhaan,47.3194,110.6556,265.74,66,0,1.93,MN,1730755387
384,gamba,-2.65,10.0,297.64,93,100,1.18,GA,1730755389
385,sal rei,16.1833,-22.9167,298.69,76,62,8.35,CV,1730755390
386,watford city,47.8022,-103.2832,282.07,34,1,5.14,US,1730755391
387,anloga,5.7947,0.8973,301.03,76,0,2.8,GH,1730755392
388,nouadhibou,20.931,-17.0347,295.14,73,100,5.14,MR,1730755393
389,faya-largeau,17.9257,19.1043,296.22,22,0,8.39,TD,1730755394
390,santa ana de yacuma,-13.75,-65.4333,307.12,55,40,5.14,BO,1730755396
391,old town,50.087,14.4202,278.31,94,5,2.57,CZ,1730755397
392,beni saf,35.301,-1.3823,292.98,67,100,0.81,DZ,1730755399
393,darwin,-12.4611,130.8418,299.14,89,20,0.0,AU,1730755400
394,oliva de la frontera,38.276,-6.9187,289.04,85,100,2.11,ES,1730755401
395,yeniseysk,58.4497,92.1703,277.12,77,100,4.26,RU,1730755403
396,hammerfest,70.6634,23.6821,276.4,70,75,1.54,NO,1730755404
397,san juan,-31.5375,-68.5364,299.93,26,0,9.34,AR,1730755280
398,nevel'sk,46.6733,141.8633,274.52,86,100,3.79,RU,1730755406
399,lakatoro,-16.0999,167.4164,298.53,65,100,6.19,VU,1730755407
400,birjand,32.8663,59.2211,290.41,27,0,2.06,IR,1730755362
401,nuuk,64.1835,-51.7216,269.49,100,40,3.09,GL,1730755409
402,sokoni,-6.4333,39.55,299.61,81,3,5.03,TZ,1730755411
403,afgooye,2.1381,45.1212,298.45,84,70,3.18,SO,1730755412
404,grande prairie,55.1667,-118.8027,275.25,80,100,2.57,CA,1730755413
405,vorgashor,67.5833,63.95,268.9,92,100,7.92,RU,1730755414
406,colonia,50.9333,6.95,281.97,81,0,2.57,DE,1730755415
407,puerto armuelles,8.2833,-82.8667,296.53,92,100,1.79,PA,1730755417
408,ghadamis,30.1337,9.5007,296.38,32,0,3.77,LY,1730755418
409,phnom penh,11.5625,104.916,297.1,100,75,3.6,KH,1730755419
410,matoury,4.8483,-52.3317,302.13,74,0,4.63,GF,1730755420
411,rongelap,11.1635,166.8941,299.73,83,100,6.44,MH,1730755421
412,wuyang,31.9925,116.2472,286.16,57,68,2.49,CN,1730755422
413,vershino-darasunskiy,52.35,115.5167,260.12,84,2,1.29,RU,1730755425
414,toliara,-23.35,43.6667,297.17,88,0,1.74,MG,1730755191
415,mayya,61.7333,130.2811,248.15,100,88,0.3,RU,1730755427
416,coyhaique,-45.5752,-72.0662,278.22,98,88,3.72,CL,1730755428
417,san matias,-16.3667,-58.4,300.38,78,72,2.6,BO,1730755430
418,miramar beach,30.3744,-86.3586,300.16,81,0,4.63,US,1730755432
419,vorotynsk,54.4283,36.0465,271.55,94,57,4.39,RU,1730755434
420,okha,53.5739,142.9478,271.24,79,76,6.66,RU,1730755436
421,sao gabriel da cachoeira,-0.1303,-67.0892,303.29,61,100,1.67,BR,1730755437
422,saint-philippe,-21.3585,55.7679,296.18,87,34,4.41,RE,1730755438
423,senador jose porfirio,-2.5908,-51.9542,301.51,67,55,2.3,BR,1730755439
424,chauk,20.8833,94.8167,297.69,80,11,2.06,MM,1730755440
425,taksimo,56.3444,114.8794,258.02,92,61,0.61,RU,1730755442
426,chui,-33.6971,-53.4616,294.68,90,100,2.73,UY,1730755378
427,sao jose da coroa grande,-8.8978,-35.1478,298.08,66,10,3.52,BR,1730755444
428,hinton,53.4001,-117.5857,275.86,69,100,1.13,CA,1730755445
429,zhangatas,43.5667,69.75,283.86,87,100,0.1,KZ,1730755446
430,xai-xai,-25.0519,33.6442,296.51,66,1,3.77,MZ,1730755448
431,gornozavodsk,58.3758,58.3211,268.14,94,100,3.15,RU,1730755450
432,desaguadero,-16.5656,-69.0417,288.3,43,63,8.25,PE,1730755392
433,naze,28.3667,129.4833,295.66,75,90,5.8,JP,1730755166
434,labrador city,52.9463,-66.9114,271.58,75,75,3.58,CA,1730755453
435,el calafate,-50.3408,-72.2768,282.4,50,23,8.16,AR,1730755455
436,thai binh,20.45,106.3333,294.62,85,100,1.98,VN,1730755457
437,dongola,19.1667,30.4833,294.49,27,0,5.02,SD,1730755458
438,druzhny,53.6238,27.8977,271.97,82,10,3.21,BY,1730755459
439,wundanyi,-3.4019,38.364,290.57,84,61,2.11,KE,1730755460
440,carnarvon,-24.8667,113.6333,292.53,72,2,7.65,AU,1730755462
441,canguaretama,-6.38,-35.1289,297.72,73,6,5.48,BR,1730755464
442,greymouth,-42.4667,171.2,283.85,96,100,2.77,NZ,1730755395
443,ketchikan,55.3422,-131.6461,281.67,66,75,4.63,US,1730755466
444,harstad,68.799,16.5293,277.12,97,100,9.83,NO,1730755468
445,ha'il,27.5219,41.6907,291.16,100,0,4.12,SA,1730755469
446,n'zeto,-7.2312,12.8666,298.67,88,39,3.9,AO,1730755470
447,al ghayzah,16.2079,52.176,300.08,71,19,2.74,YE,1730755471
448,salekhard,66.53,66.6019,268.1,86,100,5.31,RU,1730755472
449,viedma,-40.8135,-62.9967,297.93,10,2,9.57,AR,1730755307
450,nova sintra,14.8667,-24.7167,299.98,80,62,6.66,CV,1730755476
451,novyy urgal,51.0736,132.5642,267.59,93,100,1.19,RU,1730755477
452,severo-yeniseyskiy,60.3725,93.0408,276.68,78,94,5.49,RU,1730755478
453,jiaozhou,36.2839,120.0033,279.04,65,7,2.57,CN,1730755479
454,dalbandin,28.8947,64.4101,296.67,21,0,1.51,PK,1730755481
455,richards bay,-28.783,32.0377,292.85,78,98,6.23,ZA,1730755482
456,minas de marcona,-15.2119,-75.1103,290.28,68,8,8.6,PE,1730755483
457,leongatha,-38.4833,145.95,284.05,75,1,0.59,AU,1730755484
458,san antonio de pale,-1.4014,5.6325,298.68,83,100,5.42,GQ,1730755485
459,mar del plata,-38.0023,-57.5575,294.16,61,20,6.26,AR,1730755263
460,huadian,42.9633,126.7478,272.49,70,0,2.88,CN,1730755228
461,bredy,52.4153,60.3411,271.45,62,100,2.71,RU,1730755489
462,mersing,2.4312,103.8405,297.1,100,20,2.57,MY,1730755490
463,lekki,6.3607,4.8333,298.1,92,3,0.51,NG,1730755491
464,san rafael,-34.6177,-68.3301,294.92,22,0,5.31,AR,1730755492
465,brookings,44.3114,-96.7984,284.36,70,20,6.69,US,1730755493
466,shunyi,40.125,116.6453,271.12,93,0,1.0,CN,1730755495
467,igarka,67.4667,86.5833,265.34,93,33,5.45,RU,1730755496
468,nizhnesortymskiy,62.4397,71.7603,270.77,95,100,8.42,RU,1730755475
469,kenai,60.5544,-151.2583,275.2,87,0,2.57,US,1730755498
470,salisbury,51.0693,-1.7957,284.15,86,100,2.06,GB,1730755499
471,susuman,62.7833,148.1667,247.83,99,100,1.49,RU,1730755501
472,katsuura,35.1333,140.3,294.02,74,66,5.74,JP,1730755502
473,navojoa,27.1,-109.4333,299.32,34,65,3.04,MX,1730755503
474,lensk,60.7253,114.9278,248.83,100,73,1.3,RU,1730755504
475,atafu village,-8.5421,-172.5159,300.43,81,100,8.03,TK,1730755505
476,smithers,54.7804,-127.1743,275.33,93,100,2.57,CA,1730755507
477,mata-utu,-13.2816,-176.1745,300.88,80,97,4.72,WF,1730755508
478,mahdishahr,35.7108,53.3556,284.78,67,25,2.82,IR,1730755509
479,brandon,27.9378,-82.2859,300.43,89,100,3.09,US,1730755242
480,rockland,41.1668,-74.0496,286.19,67,92,0.89,US,1730755511
481,coquimbo,-29.9533,-71.3436,293.0,52,0,5.66,CL,1730755302
482,reggane,26.7158,0.1714,300.64,16,100,1.04,DZ,1730755514
483,zag,46.9441,99.165,258.25,90,44,1.37,MN,1730755515
484,kolonia,50.9333,6.95,281.97,81,0,2.57,DE,1730755516
485,alta,69.9689,23.2717,271.74,93,75,1.03,NO,1730755517
486,leeton,-34.5667,146.4,292.09,39,0,1.9,AU,1730755518
487,puerto baquerizo moreno,-0.9,-89.6,296.7,60,75,6.17,EC,1730755336
488,lardero,42.4269,-2.4615,286.55,94,20,1.54,ES,1730755521
489,choix,26.7092,-108.3219,301.05,32,0,3.91,MX,1730755522
490,santa maria,-29.6842,-53.8069,300.76,78,75,1.54,BR,1730755487
491,kailua-kona,19.6406,-155.9956,302.92,71,20,3.6,US,1730755524
492,laojunmiao,39.8333,97.7333,277.87,29,2,1.86,CN,1730755525
493,turpan,42.9333,89.1667,283.95,41,68,0.65,CN,1730755527
494,mormugao,15.4,73.8,298.74,89,20,1.03,IN,1730755284
495,inhambane,-23.865,35.3833,296.52,83,0,4.26,MZ,1730755529
496,mmabatho,-25.85,25.6333,299.13,18,100,5.66,ZA,1730755530
497,qui nhon,13.7667,109.2333,296.84,92,80,3.8,VN,1730755531
498,basco,20.4487,121.9702,299.59,83,100,12.24,PH,1730755532
499,francistown,-21.17,27.5079,299.6,14,0,5.99,BW,1730755534
500,senanga,-16.1167,23.2667,294.95,72,81,2.43,ZM,1730755535
501,darab,28.7519,54.5444,294.9,37,0,1.53,IR,1730755536
502,jiamusi,46.8333,130.35,270.92,48,100,1.05,CN,1730755537
503,gisborne,-38.6533,178.0042,288.29,54,27,0.9,NZ,1730755538
504,arteche,12.2645,125.4048,297.28,94,96,1.87,PH,1730755539
505,tosontsengel,48.7567,98.2839,261.98,88,77,0.06,MN,1730755542
506,mildura,-34.2,142.15,292.08,51,6,2.36,AU,1730755543
507,bathsheba,13.2167,-59.5167,303.49,79,40,5.14,BB,1730755544
508,chamical,-30.36,-66.314,302.71,43,67,7.81,AR,1730755545
509,ubari,26.5921,12.7805,291.99,36,0,2.32,LY,1730755546
510,aras-asan,8.8908,126.3033,297.48,88,93,0.96,PH,1730755548
511,paracin,43.8608,21.4078,278.34,57,86,1.15,RS,1730755549
512,oriximina,-1.7656,-55.8661,307.03,44,26,1.98,BR,1730755550
513,nicoya,10.1483,-85.452,297.18,95,100,1.43,CR,1730755551
514,yanam,16.7333,82.2167,296.24,81,51,1.42,IN,1730755552
515,gross-gerau,49.9239,8.4936,280.46,89,0,4.12,DE,1730755553
516,freeport,40.6576,-73.5832,287.05,76,75,4.12,US,1730755555
517,ayden,35.4727,-77.4155,296.2,74,0,3.6,US,1730755557
518,thinadhoo,0.5333,72.9333,301.19,69,75,5.17,MV,1730755558
519,kiruna,67.8557,20.2251,271.66,93,100,2.57,SE,1730755559
520,vuktyl,63.8567,57.3094,268.21,86,100,4.14,RU,1730755561
521,panshan,41.1881,122.0494,275.26,46,73,2.41,CN,1730755562
522,nova zagora,42.4833,26.0167,280.3,53,0,1.8,BG,1730755564
523,bonthe,7.5264,-12.505,299.2,85,100,1.97,SL,1730755355
524,guadalupe y calvo,26.1,-106.9667,287.44,45,0,5.74,MX,1730755566
525,korla,41.7597,86.1469,282.3,48,99,0.7,CN,1730755568
526,san luis de la loma,17.2706,-100.8939,302.11,73,29,3.19,MX,1730755569
527,chiredzi,-21.05,31.6667,297.43,33,0,3.25,ZW,1730755570
528,gunnedah,-30.9833,150.25,294.66,58,2,2.9,AU,1730755571
529,tahe,52.3333,124.7333,254.99,97,11,1.76,CN,1730755572
530,bir el ater,34.7449,8.0602,290.63,54,2,2.67,DZ,1730755573
531,chernomorskoye,45.5039,32.6997,280.81,55,24,12.01,UA,1730755575
532,palangkaraya,-2.2,113.8333,296.18,97,100,0.34,ID,1730755576
533,jaisalmer,26.9147,70.9181,300.19,31,0,4.62,IN,1730755577
534,lodja,-3.4833,23.4333,293.67,94,54,1.15,CD,1730755578
535,tonota,-21.4833,27.4833,299.13,14,0,4.96,BW,1730755581
536,dunedin,-45.8742,170.5036,286.37,90,97,2.68,NZ,1730755451
537,banjarmasin,-3.3244,114.591,298.23,88,100,1.48,ID,1730755584
538,buckingham,51.9997,-0.9878,282.94,94,100,2.07,GB,1730755585
539,pedernales,18.0384,-71.744,300.81,76,100,2.99,DO,1730755587
540,tsiombe,-25.3,45.4833,295.71,84,15,6.26,MG,1730755588
541,flying fish cove,-10.4217,105.6791,298.97,100,100,4.63,CX,1730755589
542,las tablas,7.7667,-80.2833,298.25,99,98,2.97,PA,1730755590
543,urucui,-7.2294,-44.5561,306.61,28,83,2.27,BR,1730755591
544,macusani,-14.0833,-70.4333,277.56,85,98,2.84,PE,1730755592
545,touros,-5.1989,-35.4608,298.65,77,15,6.78,BR,1730755594
546,brisas de zicatela,15.8369,-97.0419,303.44,74,20,6.17,MX,1730755595
547,cambria,35.5641,-121.0808,296.62,48,0,1.79,US,1730755596
548,armacao de buzios,-22.7469,-41.8817,297.24,87,100,9.1,BR,1730755551
549,redencao,-4.2258,-38.7306,298.5,68,39,2.97,BR,1730755598
550,ghat,24.9647,10.1728,295.02,29,0,2.98,LY,1730755599
551,san mariano,7.5,126.0,295.22,94,95,1.0,PH,1730755601
552,mulayjah,27.271,48.4242,298.49,48,0,3.32,SA,1730755602
553,mponela,-13.5319,33.7401,295.34,56,4,2.21,MW,1730755603
554,lionel town,17.8101,-77.2406,299.38,86,100,6.06,JM,1730755604
555,aioun,16.6614,-9.6149,304.18,15,0,3.77,MR,1730755605
556,guatrache,-37.6678,-63.5302,296.18,15,0,5.83,AR,1730755606
557,lakhdenpokh'ya,61.5198,30.1992,273.1,79,93,3.8,RU,1730755608
558,el nido,11.1858,119.3956,299.34,93,100,1.67,PH,1730755551
559,i-n-salah,27.1935,2.4607,302.08,15,100,3.62,DZ,1730755610
560,san fernando,15.0286,120.6898,299.0,91,45,1.42,PH,1730755611
561,camiri,-20.05,-63.5167,308.03,31,75,2.06,BO,1730755612
562,tofol,5.3248,163.0078,301.62,70,84,2.41,FM,1730755613
